Artist_ID,Artist_Name,Artist_Image
3TVXtAsR1Inumwj472S9r4,Drake,https://i.scdn.co/image/ab6761610000e5eb4293385d324db8558179afd9
06HL4z0CvFAxyc27GXpf02,Taylor Swift,https://i.scdn.co/image/ab6761610000e5ebe672b5f553298dcdccb0e676
4q3ewBCX7sLwd24euuV69X,Bad Bunny,https://i.scdn.co/image/ab6761610000e5eb9ad50e478a469448c6f369df
1Xyo4u8uXC1ZmMpatF05PJ,The Weeknd,https://i.scdn.co/image/ab6761610000e5eb214f3cf1cbe7139c1e26ffbb
1uNFoZAHBGtllmzznpCI3s,Justin Bieber,https://i.scdn.co/image/ab6761610000e5eb8ae7f2aaa9817a704a87ea36
6eUKZXaKkcviH0Ku9w2n3V,Ed Sheeran,https://i.scdn.co/image/ab6761610000e5eb3bcef85e105dfc42399ef0ba
7dGJo4pcD2V6oG8kP0tJRR,Eminem,https://i.scdn.co/image/ab6761610000e5eba00b11c129b27a88fc72f36b
66CXWjxzNUsdJxJ2JdwvnR,Ariana Grande,https://i.scdn.co/image/ab6761610000e5eb40b5c07ab77b6b1a9075fdc0
0Y5tJX1MQlPlqiwlOH1tJY,Travis Scott,https://i.scdn.co/image/ab6761610000e5eb19c2790744c792d05570bb71
5K4W6rqBFWDnAN6FQUkS6x,Kanye West,https://i.scdn.co/image/ab6761610000e5eb6e835a500e791bf9c27a422a
246dkjvS1zLTtiykXe5h60,Post Malone,https://i.scdn.co/image/ab6761610000e5ebe17c0aa1714a03d62b5ce4e0
1vyhD5VmyZ7KMfW5gqLgo5,J Balvin,https://i.scdn.co/image/ab6761610000e5ebed335eb5cb28eba4ab286b82
5pKCCKE2ajJHZ9KAiaK11H,Rihanna,https://i.scdn.co/image/ab6761610000e5eb99e4fca7c0b7cb166d915789
3Nrfpe0tUJi4K4DXYWgMUX,BTS,https://i.scdn.co/image/ab6761610000e5ebd642648235ebf3460d2d1f6a
1RyvyyTE3xzB2ZywiAwp0i,Future,https://i.scdn.co/image/ab6761610000e5eb6ef89e23678018c6d8630825
1i8SpTcr7yvPOmcqrbnVXY,Ozuna,https://i.scdn.co/image/ab6761610000e5ebc80f303b208a480f52e8180b
4MCBfE4596Uoi2O4DtmEMz,Juice WRLD,https://i.scdn.co/image/ab6761610000e5eb1908e1a8b79abf71d5598944
2YZyLoL8N0Wb9xBt1NhZWg,Kendrick Lamar,https://i.scdn.co/image/ab6761610000e5eb437b9e2a82505b3d93ff1022
6qqNVTkY8uBg9cP3Jd7DAH,Billie Eilish,https://i.scdn.co/image/ab6761610000e5eb4a21b4760d2ecb7b0dcdc8da
0hCNtLu0JehylgoiP8L4Gh,Nicki Minaj,https://i.scdn.co/image/ab6761610000e5eb07a50f0a9a8f11e5a1102cbd
0du5cEVh5yTK9QJze8zA0C,Bruno Mars,https://i.scdn.co/image/ab6761610000e5ebc36dd9eb55fb0db4911f25dd
53XhwfbYqKCa1cC15pYq2q,Imagine Dragons,https://i.scdn.co/image/ab6761610000e5ebab47d8dae2b24f5afe7f9d38
7bXgB6jMjp9ATFy66eO08Z,Chris Brown,https://i.scdn.co/image/ab6761610000e5eba48397e590a1c70e2cda7728
4gzpq5DPGxSnKTe4SA8HAU,Coldplay,https://i.scdn.co/image/ab6761610000e5eb1ba8fc5f5c73e7e9313cc6eb
15UsOTVnJzReFVN1VCnxy4,XXXTENTACION,https://i.scdn.co/image/ab6761610000e5ebf0c20db5ef6c6fbe5135d2e4
6M2wZ9GZgrQXHCFfjv46we,Dua Lipa,https://i.scdn.co/image/ab6761610000e5eb0c68f6c95232e716f0abee8d
4VMYDCV2IEDYJArk749S6m,Daddy Yankee,https://i.scdn.co/image/ab6761610000e5ebaa534de724c7a565c07bb3f5
6LuN9FCkKOj5PcnpouEgny,Khalid,https://i.scdn.co/image/ab6761610000e5eb5be3f26e0c3aa322637a975f
55Aa2cqylxrFIXC767Z865,Lil Wayne,https://i.scdn.co/image/ab6761610000e5ebc1c08e541eae3cc82c6988c4
1URnnhqYAYcrqrcwql10ft,21 Savage,https://i.scdn.co/image/ab6761610000e5eb4f8f76117470957c0e81e5b2
1Cs0zKBU1kc0i8ypK3B9ai,David Guetta,https://i.scdn.co/image/ab6761610000e5ebf150017ca69c8793503c2d4f
2R21vXR83lH98kGeO99Y66,Anuel AA,https://i.scdn.co/image/ab6761610000e5eba23ceb177745632b517cb7b2
5f7VJjfbwm532GiveGC0ZK,Lil Baby,https://i.scdn.co/image/ab6761610000e5eb6cad3eff5adc29e20f189a6c
00FQb4jTyendYWaN8pK0wa,Lana Del Rey,https://i.scdn.co/image/ab6761610000e5ebb99cacf8acd5378206767261
04gDigrS5kc9YWfZHwBETP,Maroon 5,https://i.scdn.co/image/ab6761610000e5ebf8349dfb619a7f842242de77
6vWDO969PvNqNYHIOW5v0m,Beyoncé,https://i.scdn.co/image/ab6761610000e5eb247f44069c0bd1781df2f785
4O15NlyKLIASxsJ0PrXPfz,Lil Uzi Vert,https://i.scdn.co/image/ab6761610000e5eb1234d2f516796badbdf16a89
1r4hJ1h58CWwUQe3MxPuau,Maluma,https://i.scdn.co/image/ab6761610000e5eb912d3ab996f98aa30d3a05d0
1mcTU81TzQhprhouKaTkpq,Rauw Alejandro,https://i.scdn.co/image/ab6761610000e5eba4b011e4e1692bd031b4425d
7CajNmpbOovFoOoasH2HaY,Calvin Harris,https://i.scdn.co/image/ab6761610000e5eb37bff6aa1d42bede9048750f
6l3HvQ5sa6mXTsMTB19rO5,J. Cole,https://i.scdn.co/image/ab6761610000e5eb4b053c29fd4b317ff825f0dc
5WUlDfRSoLAfcVSX1WnrxN,Sia,https://i.scdn.co/image/ab6761610000e5eb7c997fe6951bc0926f09ba38
50co4Is1HCEo8bhOyUWKpn,Young Thug,https://i.scdn.co/image/ab6761610000e5eb547d2b41c9f2c97318aad0ed
7n2wHs1TKAczGzO7Dd2rGr,Shawn Mendes,https://i.scdn.co/image/ab6761610000e5eb93e1fe183be0aebda170283a
790FomKkXshlbRYZFtlgla,KAROL G,https://i.scdn.co/image/ab6761610000e5eb4b0754aefc9db490e02205ec
2wY79sveU1sp5g7SokKOiI,Sam Smith,https://i.scdn.co/image/ab6761610000e5ebf057d1dce23e7f4d5d0f32e5
7tYKF4w9nC0nq9CsPZTHyP,SZA,https://i.scdn.co/image/ab6761610000e5eb0895066d172e1f51f520bc65
329e4yvIujISKGKz1BZZbO,Farruko,https://i.scdn.co/image/ab6761610000e5ebb012855da7fae98ace556e34
7iK8PXO48WeuP03g8YR51W,Myke Towers,https://i.scdn.co/image/ab6761610000e5eb9e35c3c5de877f99a8f6192f
1dfeR4HaWDbWqFHLkxsg1d,Queen,https://i.scdn.co/image/b040846ceba13c3e9c125d68389491094e7f2982
5cj0lLjcoR7YOSnhnX0Po5,Doja Cat,https://i.scdn.co/image/ab6761610000e5ebe94f88ff74ae4ddcab961f97
6KImCVD70vtIoJWnq6nGn3,Harry Styles,https://i.scdn.co/image/ab6761610000e5ebf7db7c8ede90a019c54590bb
1HY2Jd0NmPuamShAr6KMms,Lady Gaga,https://i.scdn.co/image/ab6761610000e5ebc8d3d98a1bccbe71393dbfbf
0C8ZW7ezQVs4URX5aX7Kqx,Selena Gomez,https://i.scdn.co/image/ab6761610000e5ebc3c753851496854e29abff7a
2LRoIwlKmHjgvigdNGBHNo,Feid,https://i.scdn.co/image/ab6761610000e5ebe82c62cc8cf019aecfd71ee8
4AK6F7OLvEQ5QYCBNiQWHq,One Direction,https://i.scdn.co/image/5bb443424a1ad71603c43d67f5af1a04da6bb3c8
7c0XG5cIJTrrAgEC3ULPiq,Ty Dolla $ign,https://i.scdn.co/image/ab6761610000e5eb24b3c0f33bc5e3f6a53f84d7
4dpARuHxo51G3z768sgnrY,Adele,https://i.scdn.co/image/ab6761610000e5eb68f6e5892075d7f22615bd17
0EmeFodog0BfCgMzAIvKQp,Shakira,https://i.scdn.co/image/ab6761610000e5ebaee73c0f0458b95091845ee1
1SupJlEpv7RS2tPNRaHViT,Nicky Jam,https://i.scdn.co/image/ab6761610000e5eb9af2ae23c2c4dc376093730e
26VFTg2z8YR0cCuwLzESi2,Halsey,https://i.scdn.co/image/ab6761610000e5eb3d5ddee9415ccf4baaa9f26e
6jJ0s89eD6GaHleKKya26X,Katy Perry,https://i.scdn.co/image/ab6761610000e5ebc16e9a79a6262f2c72232942
0iEtIxbK0KxaSlF7G42ZOp,Metro Boomin,https://i.scdn.co/image/ab6761610000e5ebdf9a1555f53a20087b8c5a5c
6XyY86QOPPrYVGvF9ch6wz,Linkin Park,https://i.scdn.co/image/ab6761610000e5eb84a0dd74f21e8acce6a9fd49
3WrFJ7ztbogyGnTHbHJFl2,The Beatles,https://i.scdn.co/image/ab6761610000e5ebe9348cc01ff5d55971b22433
2hlmm7s2ICUX0LVIhVFlZQ,Gunna,https://i.scdn.co/image/ab6761610000e5ebb978b95b8e03351df8e103af
137W8MRPWKqSmrBGDBFSop,Wiz Khalifa,https://i.scdn.co/image/ab6761610000e5eb2cdddc4dd42f7403f0d7bb9c
4YRxDV8wJFPHPTeXepOstw,Arijit Singh,https://i.scdn.co/image/ab6761610000e5eb0261696c5df3be99da6ed3f3
69GGBxA162lTqCwzJG5jLp,The Chainsmokers,https://i.scdn.co/image/ab6761610000e5eb9c0f09a8247c54ecba74819d
64KEffDW9EtZ1y2vBYgq8T,Marshmello,https://i.scdn.co/image/ab6761610000e5eb0d7739a2b10fd723f5ca095e
7Ln80lUS6He07XvHI8qqHH,Arctic Monkeys,https://i.scdn.co/image/ab6761610000e5eb7da39dea0a72f581535fb11f
4kYSro6naA4h99UJvo89HB,Cardi B,https://i.scdn.co/image/ab6761610000e5eb4e8a7e14e2f602eb9af24e31
5YGY8feqx7naU7z4HrwZM6,Miley Cyrus,https://i.scdn.co/image/ab6761610000e5ebb4ba86c361191d48cbeb4b32
1McMsnEElThX1knmY4oliG,Olivia Rodrigo,https://i.scdn.co/image/ab6761610000e5ebe03a98785f3658f0b6461ec4
3nFkdlSjzX9mRTtwJOzDYB,JAY-Z,https://i.scdn.co/image/ab6761610000e5ebc75afcd5a9027f60eaebb5e4
4nDoRrQiYLoBzwC5BhVJzF,Camila Cabello,https://i.scdn.co/image/ab6761610000e5eb7ffadf2671159fbfdc5c87f4
4r63FhuTkUYltbVAg5TQnk,DaBaby,https://i.scdn.co/image/ab6761610000e5eb0da5cd9354d458143258879a
13ubrt8QOOCPljQ2FL1Kca,A$AP Rocky,https://i.scdn.co/image/ab6761610000e5eb5c58c41a506a0d6b32cc6cad
0TnOYISbd1XYRBk9myaseg,Pitbull,https://i.scdn.co/image/ab6761610000e5ebee07b5820dd91d15d397e29c
1vCWHaC5f2uS3yhpwWbIA6,Avicii,https://i.scdn.co/image/ab6761610000e5ebae07171f989fb39736674113
3YQKmKGau1PzlVlkL1iodx,Twenty One Pilots,https://i.scdn.co/image/ab6761610000e5eb274df4dfcb960867eccedfb5
23fqKkggKUBHNkbKtXEls4,Kygo,https://i.scdn.co/image/ab6761610000e5ebe5ea1aa1404629c12ad86658
4oUHIQIBe0LHzYfvXNW4QM,Morgan Wallen,https://i.scdn.co/image/ab6761610000e5ebcdb9694bfa4a026ee19426ae
0VRj0yCOv2FXJNP47XQnx5,Quavo,https://i.scdn.co/image/ab6761610000e5ebd52229f479361a2375f6021c
2h93pZq0e7k5yf4dywlkpM,Frank Ocean,https://i.scdn.co/image/ab6761610000e5ebee3123e593174208f9754fab
77ziqFxp5gaInVrF2lj4ht,Sech,https://i.scdn.co/image/ab6761610000e5ebe6399502553c796f40e11017
4V8LLVI7PbaPR0K2TGSxFF,"Tyler, The Creator",https://i.scdn.co/image/ab6761610000e5eb8278b782cbb5a3963db88ada
5Pwc4xIPtQLFEnJriah9YJ,OneRepublic,https://i.scdn.co/image/ab6761610000e5eb57138b98e7ddd5a86ee97a9b
0L8ExT028jH3ddEcZwqJJ5,Red Hot Chili Peppers,https://i.scdn.co/image/ab6761610000e5ebc33cc15260b767ddec982ce8
5LHRHt1k9lMyONurDHEdrp,Tyga,https://i.scdn.co/image/ab6761610000e5eb1d8e3ecf59f556b8e4fafce8
7hJcb9fa4alzcOq3EaNPoG,Snoop Dogg,https://i.scdn.co/image/ab6761610000e5eb9a398209a4ef3360dce2dec4
12GqGscKJx3aE4t07u7eVZ,Peso Pluma,https://i.scdn.co/image/ab6761610000e5ebc08ef51312b27a1237bec73f
6Xgp2XMz1fhVYe7i6yNAax,Trippie Redd,https://i.scdn.co/image/ab6761610000e5ebf2db81b3312a1f167fc54096
07YZf4WDAMNwqr4jfgOZ8y,Jason Derulo,https://i.scdn.co/image/ab6761610000e5eb62fa38af4bdc7322b2103493
4SsVbpTthjScTS7U2hmr1X,Arcángel,https://i.scdn.co/image/ab6761610000e5ebafdf17286a0d7a23ad388587
3fMbdgg4jU18AjLCKBhRSm,Michael Jackson,https://i.scdn.co/image/ab6761610000e5eb0e08ea2c4d6789fbf5cbe0aa
4LLpKhyESsyAXpc4laK94U,Mac Miller,https://i.scdn.co/image/ab6761610000e5ebed3b89aa602145fde71a163a
64M6ah0SkkRsnPGtGiRAbb,Bebe Rexha,https://i.scdn.co/image/ab6761610000e5ebead1540fa76796266fadba33
1VPmR4DJC1PlOtd0IADAO0,$uicideboy$,https://i.scdn.co/image/ab6761610000e5eb6b4c92882505a5fd71317598
699OTQXzgjhIYAHMy9RyPD,Playboi Carti,https://i.scdn.co/image/ab6761610000e5eb73d4facbd619ae025b5588c7
31W5EY0aAly4Qieq6OFu6I,A Boogie Wit da Hoodie,https://i.scdn.co/image/ab6761610000e5ebebe9d9f649d6ef85497f71af
6S2OmqARrzebs0tKUEyXyp,Demi Lovato,https://i.scdn.co/image/ab6761610000e5ebcf674ecb51186e6408cd18c0
2o5jDhtHVPhrJdv3cEQ99Z,Tiësto,https://i.scdn.co/image/ab6761610000e5ebe84e08fb1dfa2bf9b5a61563
6VuMaDnrHyPL1p4EHjYLi7,Charlie Puth,https://i.scdn.co/image/ab6761610000e5ebd5594e3ae145bbb2c096366d
1zNqQNIdeOUZHb8zbZRFMX,Swae Lee,https://i.scdn.co/image/ab6761610000e5ebf1be22786da29b0a1284c0a5
0eDvMgVFoNV3TpwtrVCoTj,Pop Smoke,https://i.scdn.co/image/ab6761610000e5eb597f9edd2cd1a892d4412b09
3PhoLpVuITZKcymswpck5b,Elton John,https://i.scdn.co/image/ab6761610000e5eb0a7388b95df960b5c0da8970
7wlFDEWiM5OoIAt8RSli8b,YoungBoy Never Broke Again,https://i.scdn.co/image/ab6761610000e5ebb1d6eaf7ad3417765577cac4
3q7HBObVc0L8jNeTe5Gofh,50 Cent,https://i.scdn.co/image/dd031b9c5d1b6eba4a691cd89c954255aae787f2
1wRPtKGflJrBx9BmLsSwlU,Pritam,https://i.scdn.co/image/ab6761610000e5ebcb6926f44f620555ba444fca
0c173mlxpT3dSFRgMO8XPh,Big Sean,https://i.scdn.co/image/ab6761610000e5eb4022657af888d9f0de15342e
6oMuImdp5ZcFhWP0ESe6mG,Migos,https://i.scdn.co/image/ab6761610000e5ebf4593f7b778219838d858c34
46SHBwWsqBkxI7EeeBEQG7,Kodak Black,https://i.scdn.co/image/ab6761610000e5eb70c05cf4dc9a7d3ffd02ba19
7Gi6gjaWy3DxyilpF1a8Is,Junior H,https://i.scdn.co/image/ab6761610000e5eb50998d90507d8c1603b2530b
07YUOmWljBTXwIseAUd9TW,Sebastian Yatra,https://i.scdn.co/image/ab6761610000e5eb650a498358171e1990efeeff
41MozSoPIsD1dJM0CLPjZF,BLACKPINK,https://i.scdn.co/image/ab6761610000e5ebc9690bc711d04b3d4fd4b87c
0tmwSHipWxN12fsoLcFU3B,Manuel Turizo,https://i.scdn.co/image/ab6761610000e5eb942b1ef533560b1ecbb02f24
2ye2Wgw4gimLv2eAKyk1NB,Metallica,https://i.scdn.co/image/ab6761610000e5eb69ca98dd3083f1082d740e44
5lwmRuXgjX8xIwlnauTZIP,Romeo Santos,https://i.scdn.co/image/ab6761610000e5eb6d8b48abede0f9e433aa6e49
02kJSzxNuaWGqwubyUba0Z,G-Eazy,https://i.scdn.co/image/ab6761610000e5ebb796c0db7acaf3f1b71d1e3b
4tZwfgrHOc3mvqYlEYSvVi,Daft Punk,https://i.scdn.co/image/ab6761610000e5eba7bfd7835b5c1eee0c95fa6e
5fMUXHkw8R8eOP2RNVYEZX,Diplo,https://i.scdn.co/image/ab6761610000e5ebdf01727aa674ddefa777797a
0X2BH1fck6amBIoJhDVmmJ,Ellie Goulding,https://i.scdn.co/image/ab6761610000e5ebc3cd7dc428871e8985d62b9a
6nVcHLIgY5pE2YCl8ubca1,Jhayco,https://i.scdn.co/image/ab6761610000e5eb409c53e5e4a8438ccc5c51d0
3meJIgRw7YleJrmbpbJK6S,Die drei ???,https://i.scdn.co/image/ab6761610000e5eb7de827ab626c867816052015
31TPClRtHm23RisEBtV3X7,Justin Timberlake,https://i.scdn.co/image/ab6761610000e5eb7a5cfe2597665a3d160e805e
6AgTAQt8XS6jRWi4sX7w49,Polo G,https://i.scdn.co/image/ab6761610000e5ebbedf3bdf589da06d1567196c
7vk5e3vY1uw9plTHJAMwjN,Alan Walker,https://i.scdn.co/image/ab6761610000e5ebbf753c009fd9c2d53351dd3c
1KCSPY1glIKqW2TotWuXOR,P!nk,https://i.scdn.co/image/ab6761610000e5eb7bbad89a61061304ec842588
13y7CgLHjMVRMDqxdx0Xdo,Gucci Mane,https://i.scdn.co/image/ab6761610000e5ebb9b77f64bd278ffde2c94428
540vIaP2JwjQb9dm3aArA4,DJ Snake,https://i.scdn.co/image/ab6761610000e5ebca97cf089968b569e29d795c
77SW9BnxLY8rJ0RciFqkHh,The Neighbourhood,https://i.scdn.co/image/ab6761610000e5ebdf0b5ac84376a0a4b2166816
3Isy6kedDrgPYoTS1dazA9,Sean Paul,https://i.scdn.co/image/ab6761610000e5eb60c3e9abe7327c0097738f22
4IWBUUAFIplrNtaOHcJPRM,James Arthur,https://i.scdn.co/image/ab6761610000e5eb2a0c6d0343c82be9dd6fce0b
1yR65psqiazQpeM79CcGh8,Marília Mendonça,https://i.scdn.co/image/ab6761610000e5ebffaebdbc972967729f688e25
17lzZA2AlOHwCwFALHttmp,2 Chainz,https://i.scdn.co/image/ab6761610000e5ebf556662d187b9191c421be1c
711MCceyCBcFnzjGY4Q7Un,AC/DC,https://i.scdn.co/image/ab6761610000e5ebc4c77549095c86acb4e77b37
716NhGYqD1jl2wI1Qkgq36,Bizarrap,https://i.scdn.co/image/ab6761610000e5eb14add0d3419426b84158b913
14zUHaJZo1mnYtn6IBRaRP,Justin Quiles,https://i.scdn.co/image/ab6761610000e5ebbeba3686f2081e55ccea59e8
2jku7tDXc6XoB6MO2hFuqg,Tory Lanez,https://i.scdn.co/image/ab6761610000e5ebbd5d3e1b363c3e26710661c3
20JZFwl6HVl6yg8a4H3ZqK,Panic! At The Disco,https://i.scdn.co/image/ab6761610000e5ebb256ae9a4b82bfff97776ae2
4DdkRBBYG6Yk9Ka8tdJ9BW,Offset,https://i.scdn.co/image/ab6761610000e5eb628143c3dd14fc995f925d56
718COspgdWOnwOFpJHRZHS,Luke Combs,https://i.scdn.co/image/ab6761610000e5ebbd634295d99c61823c517c3f
2nszmSgqreHSdJA3zWPyrW,Luis Miguel,https://i.scdn.co/image/ab6761610000e5eb6481401e529e475116702a29
3hcs9uc56yIGFCSy9leWe7,Lil Durk,https://i.scdn.co/image/ab6761610000e5eb09791422702c3fa9780468d4
23zg3TcAtWQy7J6upgbUnj,USHER,https://i.scdn.co/image/ab6761610000e5eb716114797a4a644c67c5fa72
4xRYI6VqpkE3UwrDrAZL8L,Logic,https://i.scdn.co/image/ab6761610000e5eb94678f7d5353a9b680f60d23
3xvaSlT4xsyk6lY1ESOspO,Disney,https://i.scdn.co/image/ab6761610000e5ebc698d53b77db34027b00f853
757aE44tKEUQEqRuT6GnEB,Roddy Ricch,https://i.scdn.co/image/ab6761610000e5eb9c30c6b69a55d48decd71600
7jVv8c5Fj3E9VhNjxT4snq,Lil Nas X,https://i.scdn.co/image/ab6761610000e5eb0eefd7d68573ea8f0f4db84a
2kCcBybjl3SAtIcwdWpUe3,Lil Peep,https://i.scdn.co/image/ab6761610000e5eb6685f03de475c4efb27da3c4
4UXqAaa6dQYAk18Lv7PEgX,Fall Out Boy,https://i.scdn.co/image/ab6761610000e5eb362011ebe6064c38e97e9aac
0fA0VVWsXO9YnASrzqfmYu,Kid Cudi,https://i.scdn.co/image/ab6761610000e5eb876faa285687786c3d314ae0
2RdwBSPQiwcmiDo9kixcl8,Pharrell Williams,https://i.scdn.co/image/ab6761610000e5ebf0789cd783c20985ec3deb4e
60d24wfXkVzDSfLS6hyCjZ,Martin Garrix,https://i.scdn.co/image/ab6761610000e5eb45c3688488f871aace7a4a57
1bAftSH8umNcGZ0uyV7LMg,Duki,https://i.scdn.co/image/ab6761610000e5ebb970a6d0f33428393c578f1a
33ScadVnbm2X8kkUqOkC6Z,Don Omar,https://i.scdn.co/image/ab6761610000e5ebe1a911f620f24ffa1c736346
6fOMl44jA4Sp5b9PpYCkzz,NF,https://i.scdn.co/image/ab6761610000e5eb1cf142a710a2f3d9b7a62da1
738wLrAtLtCtFOLvQBXOXp,Major Lazer,https://i.scdn.co/image/ab6761610000e5eb133f44ab343b35c715a4ac97
6olE6TJLqED3rqDCT0FyPh,Nirvana,https://i.scdn.co/image/84282c28d851a700132356381fcfbadc67ff498b
0z4gvV4rjIZ9wHck67ucSV,Akon,https://i.scdn.co/image/ab6761610000e5eb14020d1e8b482b6e1c5e720d
26dSoYclwsYLMAKD3tpOr4,Britney Spears,https://i.scdn.co/image/ab6761610000e5eb3a49b0a3954e460a8a76ed90
0hEurMDQu99nJRq8pTxO14,John Mayer,https://i.scdn.co/image/ab6761610000e5ebe926dd683e1700a6d65bd835
7FNnA9vBm6EKceENgCGRMb,Anitta,https://i.scdn.co/image/ab6761610000e5eb03479cd9d2eec574230368d4
4GNC7GD6oZMSxPGyXy4MNB,Lewis Capaldi,https://i.scdn.co/image/ab6761610000e5ebea7538654040e553a7b0fc28
3MZsBdqDrRTJihTHQrO6Dq,Joji,https://i.scdn.co/image/ab6761610000e5eb4111c95b5f430c3265c7304b
3p7PcrEHaaKLJnPUGOtRlT,Henrique & Juliano,https://i.scdn.co/image/ab6761610000e5ebb713c619cc12ca1866136419
1pQWsZQehhS4wavwh7Fnxd,Lenny Tavárez,https://i.scdn.co/image/ab6761610000e5eb2ad58df23a7cfc14a8506535
2tIP7SsRs7vjIcLrU85W8J,The Kid LAROI,https://i.scdn.co/image/ab6761610000e5eb393666951ab8b14e9c4ed386
0elWFr7TW8piilVRYJUe4P,Natanael Cano,https://i.scdn.co/image/ab6761610000e5eb0819edd43096a2f0dde7cd44
1U1el3k54VvEUzo3ybLPlM,Kali Uchis,https://i.scdn.co/image/ab6761610000e5eb51dfdac248da65a860963b68
0jnsk9HBra6NMjO2oANoPY,Flo Rida,https://i.scdn.co/image/ab6761610000e5eb655ca8f3196953554b479452
3E6xrwgnVfYCrCs0ePERDz,Wisin,https://i.scdn.co/image/ab6761610000e5eb5f4755c4dc0e19ab445aaa62
2cFrymmkijnjDg9SS92EPM,blackbear,https://i.scdn.co/image/ab6761610000e5eb4f7d049994ac00ed885bfbf2
2FXC3k01G6Gw61bmprjgqS,Hozier,https://i.scdn.co/image/ab6761610000e5ebad85a585103dfc2f3439119a
7oPftvlwr6VrsViSDV7fJY,Green Day,https://i.scdn.co/image/ab6761610000e5eb6ff0cd5ef2ecf733804984bb
1yxSLGMDHlW21z4YXirZDS,Black Eyed Peas,https://i.scdn.co/image/ab6761610000e5eb3dcf18f1c35134cc7e2cb6d3
6TIYQ3jFPwQSRmorSezPxX,mgk,https://i.scdn.co/image/ab6761610000e5eb6659c0c409fee150c1f7c879
4obzFoKoKRHIphyHzJ35G3,Becky G,https://i.scdn.co/image/ab6761610000e5ebd9e94a40fd6ef4fe68318821
5Rl15oVamLq7FbSb0NNBNy,5 Seconds of Summer,https://i.scdn.co/image/ab6761610000e5eb5048d9616b459ef90f04b6d8
7ltDVBr6mKbRvohxheJ9h1,ROSALÍA,https://i.scdn.co/image/ab6761610000e5ebd7bb678bef6d2f26110cae49
1zNqDE7qDGCsyzJwohVaoX,Anne-Marie,https://i.scdn.co/image/ab6761610000e5eb679c995b0d4a641ba32aa5f0
08GQAI4eElDnROBrJRGE0X,Fleetwood Mac,https://i.scdn.co/image/ab6761610000e5ebc8752dd511cda8c31e9daee8
2QsynagSdAqZj3U9HgDzjD,Bob Marley & The Wailers,https://i.scdn.co/image/b5aae2067db80f694a980e596e7f49618c1206c9
3JhNCzhSMTxs9WLGJJxWOY,Macklemore,https://i.scdn.co/image/ab6761610000e5eb488b3b242f97163a7f8e17b9
6icQOAFXDZKsumw3YXyusw,Lil Yachty,https://i.scdn.co/image/ab6761610000e5eb86c7c38d4c8c461dba55035c
3t5xRXzsuZmMDkQzgOX35S,Robin Schulz,https://i.scdn.co/image/ab6761610000e5eb82c0d0d4ef6742997f03d678
28gNT5KBp7IjEOQoevXf9N,Camilo,https://i.scdn.co/image/ab6761610000e5eb4d8a681290f905bc52a05c5c
5ZsFI1h6hIdQRw2ti0hz81,ZAYN,https://i.scdn.co/image/ab6761610000e5eb7a1fba1bb3618ef71355f82a
2qxJFvFYMEDqd7ui6kSAcq,Zedd,https://i.scdn.co/image/ab6761610000e5ebf801e3d9ecb568a1c3c62393
6jGMq4yGs7aQzuGsMgVgZR,Lil Tjay,https://i.scdn.co/image/ab6761610000e5eb61a229ac35bdd68d42bffe32
2LIk90788K0zvyj2JJVwkJ,Jack Harlow,https://i.scdn.co/image/ab6761610000e5eb2aab40ce03f3fa86163f78bb
1Xylc3o4UrD53lo9CvFvVg,Zara Larsson,https://i.scdn.co/image/ab6761610000e5eb7619ca2683b434e139040f70
5JZ7CnR6gTvEMKX4g70Amv,Lauv,https://i.scdn.co/image/ab6761610000e5ebb173d69f77530d77a991984f
1anyVhU62p31KFi8MEzkbf,Chance the Rapper,https://i.scdn.co/image/ab6761610000e5eba6ab3c4df02cec59758ae3fa
5C4PDR4LnhZTbVnKWXuDKD,Morat,https://i.scdn.co/image/ab6761610000e5eb08c3b70e494bd0ea0ef56fb7
1elUiq4X7pxej6FRlrEzjM,Jorge & Mateus,https://i.scdn.co/image/ab6761610000e5eb242a8ef8cfdde955f7067581
21451j1KhjAiaYKflxBjr1,Zion & Lennox,https://i.scdn.co/image/ab6761610000e5ebfa844599a8631cca451a93e5
6vXTefBL93Dj5IqAWq6OTv,French Montana,https://i.scdn.co/image/ab6761610000e5eb7b75b0e84293bf1ccf24a39c
21E3waRsmPlU7jZsS13rcj,Ne-Yo,https://i.scdn.co/image/ab6761610000e5ebca118e3822061f7b7f6bc537
2EMAnMvWE2eb56ToJVfCWs,Bryson Tiller,https://i.scdn.co/image/ab6761610000e5eb078fdd734b7f0aa782328428
0XwVARXT135rw8lyw1EeWP,Christian Nodal,https://i.scdn.co/image/ab6761610000e5ebdf95a45b94548f0fe5477704
73sIBHcqh3Z3NyqHKZ7FOL,Childish Gambino,https://i.scdn.co/image/ab6761610000e5eb3ef779aa0d271adb2b6a3ded
1ZwdS5xdxEREPySFridCfh,2Pac,https://i.scdn.co/image/ab6761610000e5eb7f5cc432c9c109248ebec1ac
5y2Xq6xcjJb2jVM54GHK3t,John Legend,https://i.scdn.co/image/ab6761610000e5eb01784e44ffd1a339350f4417
0QHgL1lAIqAw0HtD7YldmP,DJ Khaled,https://i.scdn.co/image/ab6761610000e5eb084f36c2ae2da4a02494e1e5
3e7awlrlDSwF3iM0WBjGMp,Little Mix,https://i.scdn.co/image/ab6761610000e5eb08cd53940cbf5813ee5fe565
0k17h0D3J5VfsdmQ1iZtE9,Pink Floyd,https://i.scdn.co/image/e69f71e2be4b67b82af90fb8e9d805715e0684fa
6DPYiyq5kWVQS4RGwxzPC7,Dr. Dre,https://i.scdn.co/image/83d2489cade1dadcdc533ddbcd74993d0ca6d4cb
1GxkXlMwML1oSg5eLPiAz3,Michael Bublé,https://i.scdn.co/image/ab6761610000e5ebef8cf61fea4923d2bde68200
3qm84nBOXUEQ2vnTfUTTFC,Guns N' Roses,https://i.scdn.co/image/ab6761610000e5eb50defaf9fc059a1efc541f4c
0ys2OFYzWYB5hRDLCsBqxt,Fuerza Regida,https://i.scdn.co/image/ab6761610000e5eb1b85fbf9507041aab224336d
4npEfmQ6YuiwW1GpUmaq3F,Ava Max,https://i.scdn.co/image/ab6761610000e5eb56d2d8d16ddedbf61b1c74f0
7qG3b048QCHVRO5Pv1T5lw,Enrique Iglesias,https://i.scdn.co/image/ab6761610000e5eb95bd4e059ac547c2c6eb1da7
22bE4uQ6baNwSHPVcDxLCe,The Rolling Stones,https://i.scdn.co/image/ab6761610000e5ebe4cea917b68726aadb4854b8
4iHNK0tOyZPYnBU7nGAgpQ,Mariah Carey,https://i.scdn.co/image/ab6761610000e5eb21b66418f7f3b86967f85bce
4Gso3d4CscCijv0lmajZWs,Don Toliver,https://i.scdn.co/image/ab6761610000e5eb62d52993e245cb161f89b01c
5he5w2lnU9x7JFhnwcekXX,Skrillex,https://i.scdn.co/image/ab6761610000e5eb61f92702ca14484aa263a931
360IAlyVv4PCEVjgyMZrxK,Miguel,https://i.scdn.co/image/ab6761610000e5eb4669166b571594eade778990
181bsRPaVXVlUKXrxwZfHK,Megan Thee Stallion,https://i.scdn.co/image/ab6761610000e5eb3bd9fe71c49b7940786b852f
3AA28KZvwAUcZuOKwyblJQ,Gorillaz,https://i.scdn.co/image/ab6761610000e5eb2c61d9506d5af5fb502b343f
6JL8zeS1NmiOftqZTRgdTz,Meghan Trainor,https://i.scdn.co/image/ab6761610000e5eb365984489dac7a79eac204e3
2C6i0I5RiGzDKN9IAF8reh,Banda MS de Sergio Lizárraga,https://i.scdn.co/image/ab6761610000e5ebf21390bf6f7fe0c469913a85
0eHQ9o50hj6ZDNBt6Ys1sD,Yandel,https://i.scdn.co/image/ab6761610000e5eb743290c5438763d36861766b
1sBkRIssrMs1AbVkOJbc7a,Rick Ross,https://i.scdn.co/image/ab6761610000e5eb8196a8109c28a8b8aca28fae
0vR2qb8m9WHeZ5ByCbimq2,Reik,https://i.scdn.co/image/ab6761610000e5ebf87c48cbd2ebcb0a66ce8ae1
66ihevNkSYNzRAl44dx6jJ,Carin Leon,https://i.scdn.co/image/ab6761610000e5ebc3745afdc57cf47c8be5ee3a
4Z8W4fKeB5YxbusRsdQVPb,Radiohead,https://i.scdn.co/image/ab6761610000e5eba03696716c9ee605006047fd
40ZNYROS4zLfyyBSs2PGe2,Zach Bryan,https://i.scdn.co/image/ab6761610000e5eb4fd54df35bfcfa0fc9fc2da7
7MiDcPa6UiV3In7lIM71IN,Gusttavo Lima,https://i.scdn.co/image/ab6761610000e5eb0938ff15a7660823a551b048
3IW7ScrzXmPvZhB27hmfgy,Jul,https://i.scdn.co/image/ab6761610000e5ebe66ef18636bf25588abdd2ae
20sxb77xiYeusSH8cVdatc,Meek Mill,https://i.scdn.co/image/ab6761610000e5ebc14756c27212bdea80f6cfac
2feDdbD5araYcm6JhFHHw7,Labrinth,https://i.scdn.co/image/ab6761610000e5eb7885d725841e0338092f5f6f
63yrD80RY3RNEM2YDpUpO8,Melanie Martinez,https://i.scdn.co/image/ab6761610000e5eb77ecd63aaebe2225b07c89f0
3DiDSECUqqY1AuBP8qtaIa,Alicia Keys,https://i.scdn.co/image/ab6761610000e5ebebfd16a3bca87c31c1e20576
6MDME20pz9RveH9rEXvrOM,Clean Bandit,https://i.scdn.co/image/ab6761610000e5ebdaed24d10b1ac9addfb8a9f1
3b8QkneNDz4JHKKKlLgYZg,Florida Georgia Line,https://i.scdn.co/image/ab6761610000e5ebaa2d9bd207a62adc3edf6631
7n2Ycct7Beij7Dj7meI4X0,TWICE,https://i.scdn.co/image/ab6761610000e5eb0c6952f39ba680489149a54c
5INjqkS1o8h1imAzPqGZBb,Tame Impala,https://i.scdn.co/image/ab6761610000e5eb90357ef28b3a012a1d1b2fa2
1TtXnWcUs0FCkaZDPGYHdf,Darell,https://i.scdn.co/image/ab6761610000e5eb37c0d527733b39b5f7bf5743
2wUjUUtkb5lvLKcGKsKqsR,Alessia Cara,https://i.scdn.co/image/ab6761610000e5ebe74b7398634a741f74858dc7
1z7b1Pr1rSlvWRzsW3HOrS,Russ,https://i.scdn.co/image/ab6761610000e5ebff58853777d52a0bbb1a78da
1wZtkThiXbVNtj6hee6dz9,Wisin & Yandel,https://i.scdn.co/image/ab6761610000e5ebb5496c4b788e181679069ee8
52iwsT98xCoGgiGntTiR7K,Quevedo,https://i.scdn.co/image/ab6761610000e5eb6bb5ca52323ab20a1bd5db9c
0LcJLqbBmaGUft1e9Mm8HV,ABBA,https://i.scdn.co/image/ab6761610000e5eb124eba6bf3476404531bd7b2
2IMZYfNi21MGqxopj9fWx8,Rels B,https://i.scdn.co/image/ab6761610000e5ebd1e399fd6729a5751e1f4331
5eAWCfyUhZtHHtBdNk56l1,System Of A Down,https://i.scdn.co/image/ab6761610000e5eb60063d3451ade8f9fab397c2
43ZHCT0cAZBISjO8DG9PnE,Elvis Presley,https://i.scdn.co/image/ab6761610000e5eb9a93e273380982dff84c0d7c
7jy3rLJdDQY21OgRLCZ9sD,Foo Fighters,https://i.scdn.co/image/ab6761610000e5ebc884df599abc793c116cdf15
3WGpXCj9YhhfX11TToZcXP,Troye Sivan,https://i.scdn.co/image/ab6761610000e5eb26e8cb3ff6fc7744b312811b
0Q8NcsJwoCbZOHHW63su5S,Mora,https://i.scdn.co/image/ab6761610000e5ebc8f6d4d6eb8e7dd5206bd5f4
163tK9Wjr9P9DmM0AVK7lm,Lorde,https://i.scdn.co/image/ab6761610000e5ebc4902f080d3620b3e6da80c3
1l7ZsJRRS8wlW3WfJfPfNS,Christina Aguilera,https://i.scdn.co/image/ab6761610000e5eb371cba21c6962a457c550b81
6Te49r3A6f5BiIgBRxH7FH,Ninho,https://i.scdn.co/image/ab6761610000e5eb791b1ecfe6f3101115430fb5
6FBDaR13swtiWwGhX1WQsP,blink-182,https://i.scdn.co/image/ab6761610000e5eb5da36f8b98dd965336a1507a
1HBjj22wzbscIZ9sEb5dyf,Jonas Blue,https://i.scdn.co/image/ab6761610000e5ebdc7a79e8289eef8f8778b88f
51Blml2LZPmy7TTiAg47vQ,U2,https://i.scdn.co/image/ab6761610000e5eb76e8d4043d65d5b90dd620c6
4V8Sr092TqfHkfAA5fXXqG,Luis Fonsi,https://i.scdn.co/image/ab6761610000e5eb2620d7e19f51d9c4b7e853ce
3KV3p5EY4AvKxOlhGHORLg,Jeremih,https://i.scdn.co/image/ab6761610000e5eb8ddeab89a67542470e2631c8
5XJDexmWFLWOkjOEjOVX3e,Eladio Carrion,https://i.scdn.co/image/ab6761610000e5eb66465185373d360ded208ecb
20wkVLutqVOYrc0kxFs7rA,Daniel Caesar,https://i.scdn.co/image/ab6761610000e5ebe5bc630548fb3517cf90edb8
6LqNN22kT3074XbTVUrhzX,Kesha,https://i.scdn.co/image/ab6761610000e5eb93edab94acfe329cfcd339ec
0oSGxfWSnnOXhD2fKuz2Gy,David Bowie,https://i.scdn.co/image/ab6761610000e5ebb78f77c5583ae99472dd4a49
45dkTj5sMRSjrmBSBeiHym,Tate McRae,https://i.scdn.co/image/ab6761610000e5eb846308bf9bf7d3183958b3a6
1Mxqyy3pSjf8kZZL4QVxS0,Frank Sinatra,https://i.scdn.co/image/fc4e0f474fb4c4cb83617aa884dc9fd9822d4411
5ZS223C6JyBfXasXxrRqOk,Jhené Aiko,https://i.scdn.co/image/ab6761610000e5ebbc7ca5ae34cffbb572660ee3
3mIj9lX2MWuHmhNCA7LSCW,The 1975,https://i.scdn.co/image/ab6761610000e5eb89348336354096fd4e36ca73
5me0Irg2ANcsgc93uaYrpb,The Notorious B.I.G.,https://i.scdn.co/image/1b4858fbd24046a81cace5ee18d19c868262b91f
3tlXnStJ1fFhdScmQeLpuG,Brent Faiyaz,https://i.scdn.co/image/ab6761610000e5ebe187dca750abfd3688836309
12vb80Km0Ew53ABfJOepVz,Ñengo Flow,https://i.scdn.co/image/ab6761610000e5ebda3f48cf2309aacaab0edce2
7EQ0qTo7fWT7DPxmxtSYEc,Bastille,https://i.scdn.co/image/ab6761610000e5eb8adcc86be23d2ed5b922d9f9
6tbjWDEIzxoDsBA1FuhfPW,Madonna,https://i.scdn.co/image/ab6761610000e5eb4b36d28b55620959821f4a5b
0ZED1XzwlLHW4ZaG4lOT6m,Julia Michaels,https://i.scdn.co/image/ab6761610000e5eb2c17882893491af059fb867e
0C0XlULifJtAgn6ZNCW2eu,The Killers,https://i.scdn.co/image/ab6761610000e5eb207b21f3ed0ee96adce3166a
3IYUhFvPQItj6xySrBmZkd,Creedence Clearwater Revival,https://i.scdn.co/image/ab6761610000e5ebd2e2b04b7ba5d60b72f54506
0A0FS04o6zMoto8OKPsDwY,YG,https://i.scdn.co/image/ab6761610000e5ebcca4dcb3ab73e951f6d226b9
2HPaUgqeutzr3jx5a9WyDV,PARTYNEXTDOOR,https://i.scdn.co/image/ab6761610000e5eb957320981e31e862bc2fb844
1dKdetem2xEmjgvyymzytS,Grupo Firme,https://i.scdn.co/image/ab6761610000e5ebf8c66fe1013f74f2a003dd76
6wWVKhxIU2cEi0K81v7HvP,Rammstein,https://i.scdn.co/image/ab6761610000e5eb32845b1556f9dbdfe8ee6575
4zCH9qm4R2DADamUHMCa6O,Anirudh Ravichander,https://i.scdn.co/image/ab6761610000e5ebfc7c542c04b5f7dc8f1b1c16
37230BxxYs9ksS7OkZw3IU,Chencho Corleone,https://i.scdn.co/image/ab6761610000e5eb35a6227be8217b6abeb70738
7rkW85dBwwrJtlHRDkJDAC,NAV,https://i.scdn.co/image/ab6761610000e5ebf276b6e4b25bb6fb7b942ab2
0cGUm45nv7Z6M6qdXYQGTX,Kehlani,https://i.scdn.co/image/ab6761610000e5eb8e0e82502fa81c8a650ed67b
2dIgFjalVxs4ThymZ67YCE,Stray Kids,https://i.scdn.co/image/ab6761610000e5eb75237a1ba0379041476012b3
3aQeKQSyrW4qWr35idm0cy,T-Pain,https://i.scdn.co/image/ab6761610000e5eb10b37a100a8628efe540d1ef
0KPX4Ucy9dk82uj4GpKesn,Dalex,https://i.scdn.co/image/ab6761610000e5ebff284180f08000247df12e2c
74XFHRwlV6OrjEM0A2NCMF,Paramore,https://i.scdn.co/image/ab6761610000e5ebb10c34546a4ca2d7faeb8865
05fG473iIaoy82BF1aGhL8,Slipknot,https://i.scdn.co/image/ab6761610000e5ebd0cdb283a7384a0edb665182
0GM7qgcRCORpGnfcN2tCiB,Tainy,https://i.scdn.co/image/ab6761610000e5ebb50d43598b9074f0d6146127
0NGAZxHanS9e0iNHpR8f2W,Alok,https://i.scdn.co/image/ab6761610000e5ebf7d1bdca65e1cefd4e60c379
3vQ0GE3mI0dAaxIMYe5g7z,Paulo Londra,https://i.scdn.co/image/ab6761610000e5eb30f2a21119532004bccbe570
58lV9VcRSjABbAbfWS6skp,Bon Jovi,https://i.scdn.co/image/ab6761610000e5eb52aade0d2ea19706074da4b9
4Ga1P7PMIsmqEZqhYZQgDo,Lil Tecca,https://i.scdn.co/image/ab6761610000e5ebee0296ba97c0951ca0bbed82
36QJpDe2go2KgaRleHCDTp,Led Zeppelin,https://i.scdn.co/image/207803ce008388d3427a685254f9de6a8f61dc2e
487N2T9nIPEHrlTZLL3SQs,Zé Neto & Cristiano,https://i.scdn.co/image/ab6761610000e5ebd3332d80d4e5ea58423e50a9
74KM79TiuVKeVCqs8QtB0B,Sabrina Carpenter,https://i.scdn.co/image/ab6761610000e5ebe053b8338322b9c8609ee7ae
3EiLUeyEcA6fbRPSHkG5kb,De La Ghetto,https://i.scdn.co/image/ab6761610000e5eb24ae492480897f902533797d
1DxLCyH42yaHKGK3cl5bvG,Maria Becerra,https://i.scdn.co/image/ab6761610000e5eb7504b58a67b1c054e6a8b308
4NHQUGzhtTLFvgF5SZesLK,Tove Lo,https://i.scdn.co/image/ab6761610000e5eb2360c963315739fc33b01687
4wLXwxDeWQ8mtUIRPxGiD6,Marc Anthony,https://i.scdn.co/image/ab6761610000e5eb036b6cb012fd1c34862161c2
3jK9MiCrA42lLAdMGUZpwa,Anderson .Paak,https://i.scdn.co/image/ab6761610000e5eb96287bd47570ff13f0c01496
16oZKvXb6WkQlVAjwo2Wbg,The Lumineers,https://i.scdn.co/image/ab6761610000e5ebcd78dff00211f22f2c10ffdb
7gZfnEnfiaHzxARJ2LeXrf,6ix9ine,https://i.scdn.co/image/ab6761610000e5eb7b113c043124cddf04397e77
6w9ToX5slZ4uIdmD17hJ3c,Bryant Myers,https://i.scdn.co/image/ab6761610000e5eb27e96bc9bbb0c28566c5d788
1Ffb6ejR6Fe5IamqA5oRUF,Bring Me The Horizon,https://i.scdn.co/image/ab6761610000e5ebe7c9399d0b5d813c20cbec65
5CCwRZC6euC8Odo6y9X8jr,Rita Ora,https://i.scdn.co/image/ab6761610000e5ebc872d3c0c5491a40c98d0c44
3tVQdUvClmAT7URs9V3rsp,Wizkid,https://i.scdn.co/image/ab6761610000e5eb9050b61368975fda051cdc06
25uiPmTg16RbhZWAqwLBy5,Charli xcx,https://i.scdn.co/image/ab6761610000e5eb936885667ef44c306483c838
7gOdHgIoIKoe4i9Tta6qdD,Jonas Brothers,https://i.scdn.co/image/ab6761610000e5ebab4364d80728df548a4f7d77
0BvkDsjIUla7X0k6CSWh1I,Luke Bryan,https://i.scdn.co/image/ab6761610000e5eb9754cf0a7b838caafa4b8b55
4IVAbR2w4JJNJDDRFP3E83,6LACK,https://i.scdn.co/image/ab6761610000e5ebf8e7a2d1a01fd98e43ee57dc
0lAWpj5szCSwM4rUMHYmrr,Måneskin,https://i.scdn.co/image/ab6761610000e5eb46d0db8a86fda630ec12401f
1GDbiv3spRmZ1XdM1jQbT7,NATTI NATASHA,https://i.scdn.co/image/ab6761610000e5eba5f696fdcd271956ebb184ee
23TFHmajVfBtlRx5MXqgoz,Sfera Ebbasta,https://i.scdn.co/image/ab6761610000e5eb001b450ba15d86b0023c2281
1aS5tqEs9ci5P9KD9tZWa6,Bonez MC,https://i.scdn.co/image/ab6761610000e5eb026f8c47aae98906bbeb44b7
2DaxqgrOhkeH0fpeiQq2f4,Oasis,https://i.scdn.co/image/ab6761610000e5eb0522e98a6f0cf1ddbee9a74f
7iZtZyCzp3LItcw1wtPI3D,Rae Sremmurd,https://i.scdn.co/image/ab6761610000e5ebca1568791bf7ac0cf34dbc66
2Z0lRIqr997lIUiPtrpKCr,Matheus & Kauan,https://i.scdn.co/image/ab6761610000e5ebff2a2232c16593087e851ff4
3ipn9JLAPI5GUEo4y4jcoi,Ludacris,https://i.scdn.co/image/adcc1cb654e89f2e404688ae0d1bbc942ce02e5d
12Chz98pHFMPJEknJQMWvI,Muse,https://i.scdn.co/image/ab6761610000e5eb0accbbe13e1aa147dd27671c
2DlGxzQSjYe5N6G9nkYghR,Jennifer Lopez,https://i.scdn.co/image/ab6761610000e5eb6c85a90c558ca8d368392f60
4OBJLual30L7gRl5UkeRcT,T.I.,https://i.scdn.co/image/ab6761610000e5eb12057d342f33c61b3768f2bc
57LYzLEk2LcFghVwuWbcuS,Summer Walker,https://i.scdn.co/image/ab6761610000e5ebfade412170364e8067c9df7a
1Hsdzj7Dlq2I7tHP7501T4,Niall Horan,https://i.scdn.co/image/ab6761610000e5ebeccc1cde8e9fdcf1c9289897
7FBcuc1gsnv6Y1nwFtNRCb,My Chemical Romance,https://i.scdn.co/image/ab6761610000e5eb9c00ad0308287b38b8fdabc2
4Uc8Dsxct0oMqx0P6i60ea,Conan Gray,https://i.scdn.co/image/ab6761610000e5ebc1c8fa15e08cb31eeb03b771
6PXS4YHDkKvl1wkIl4V8DL,Fetty Wap,https://i.scdn.co/image/ab6761610000e5eb8ffb1b02e4435c5176b28ed2
4bL2B6hmLlMWnUEZnorEtG,Felix Jaehn,https://i.scdn.co/image/ab6761610000e5eb528fd7e23c32ce4ae0e44e4f
3GBPw9NK25X1Wt2OUvOwY3,Jack Johnson,https://i.scdn.co/image/ab6761610000e5eb9555a0b3231117c8cde1fca7
6XkjpgcEsYab502Vr1bBeW,Grupo Frontera,https://i.scdn.co/image/ab6761610000e5eb3f244d61f287932d5c958fea
6U3ybJ9UHNKEdsH7ktGBZ7,JID,https://i.scdn.co/image/ab6761610000e5eb10781f7b76a5eb0d397e02c9
4YLtscXsxbVgi031ovDDdh,Chris Stapleton,https://i.scdn.co/image/ab6761610000e5eba0c87c8f329b436eac8b9784
2uYWxilOVlUdk4oV9DvwqK,Mitski,https://i.scdn.co/image/ab6761610000e5eb4bdb3888818637acb71c4a13
1qto4hHid1P71emI6Fd8xi,Aventura,https://i.scdn.co/image/ab6761610000e5eb4cd0464ef7d8eb8521f72dd8
1moxjboGR7GNWYIMWsRjgG,Florence + The Machine,https://i.scdn.co/image/ab6761610000e5ebe3c37f869b830d1cf1ec829a
47mIJdHORyRerp4os813jD,League of Legends,https://i.scdn.co/image/ab6761610000e5ebe80d1ffb81aa6503ad41c574
6deZN1bslXzeGvOLaLMOIF,Nickelback,https://i.scdn.co/image/ab6761610000e5eb4ad382f899596d8c7b9e8e09
57vWImR43h4CaDao012Ofp,Steve Lacy,https://i.scdn.co/image/ab6761610000e5eb09ac9d040c168d4e4f58eb42
4yvcSjfu4PC0CYQyLy4wSq,Glass Animals,https://i.scdn.co/image/ab6761610000e5eb4d0c5a183b44073ca01dee0b
7okwEbXzyT2VffBmyQBWLz,Maná,https://i.scdn.co/image/ab6761610000e5eb152dcec8175d19fb12eeb8e0
5gCRApTajqwbnHHPbr2Fpi,Juicy J,https://i.scdn.co/image/ab6761610000e5eb116fc50265ef72d7e66723a5
0ErzCpIMyLcjPiwT4elrtZ,NLE Choppa,https://i.scdn.co/image/ab6761610000e5ebcc5865053e7177aeb0c26b62
0oOet2f43PA68X5RxKobEy,Shreya Ghoshal,https://i.scdn.co/image/ab6761610000e5eb36a7262247318ff0f1ad00da
4bw2Am3p9ji3mYsXNXtQcd,Piso 21,https://i.scdn.co/image/ab6761610000e5ebf64f5cc7b8a7cc5c9a9f5434
6XpaIBNiVzIetEPCWDvAFP,Whitney Houston,https://i.scdn.co/image/ab6761610000e5ebcd9f60ab57585bf3b77ecc51
07PdYoE4jVRF6Ut40GgVSP,Cartel De Santa,https://i.scdn.co/image/ab6761610000e5eb72d02b5f21c6364c3d1928d7
6cEuCEZu7PAE9ZSzLLc2oQ,R3HAB,https://i.scdn.co/image/ab6761610000e5eb20dfb8f52ef4926a22e552c8
0Dvx6p8JDyzeOPGmaCIH1L,RAF Camora,https://i.scdn.co/image/ab6761610000e5eb719e73eecb0fb7f58e6f97fc
4ScCswdRlyA23odg9thgIO,Jess Glynne,https://i.scdn.co/image/ab6761610000e5eba52d6095be04ca6691ba9a96
6HaGTQPmzraVmaVxvz6EUc,Jung Kook,https://i.scdn.co/image/ab6761610000e5eb40a7268dd742e5f63759b960
3eqjTLE0HfPfh78zjh6TqT,Bruce Springsteen,https://i.scdn.co/image/ab6761610000e5eb81df2fa2f937029ec986bbb8
0pePYDrJGk8gqMRbXrLJC8,Luis R Conriquez,https://i.scdn.co/image/ab6761610000e5eb86e60a20b80600f450cd698c
1l8Fu6IkuTP0U5QetQJ5Xt,Fifth Harmony,https://i.scdn.co/image/ab6761610000e5eb5acb3cb0a8b87d3952738b97
7guDJrEfX3qb6FEbdPA5qi,Stevie Wonder,https://i.scdn.co/image/c59faacbed7aa770266bad048660810eca204108
1gPhS1zisyXr5dHTYZyiMe,Kevin Gates,https://i.scdn.co/image/ab6761610000e5eb180a7912dbf0e40790292ba3
4AVFqumd2ogHFlRbKIjp1t,Alesso,https://i.scdn.co/image/ab6761610000e5eb327e7178289c299c48e12577
3wcj11K77LjEY1PkEazffa,Burna Boy,https://i.scdn.co/image/ab6761610000e5eb2d405f4858ce3cd52d409c98
3hv9jJF3adDNsBSIQDqcjp,Mark Ronson,https://i.scdn.co/image/ab6761610000e5eb105cc9628c315b29d299fbb4
5IcR3N7QB1j6KBL8eImZ8m,ScHoolboy Q,https://i.scdn.co/image/ab6761610000e5eba59f2f483877c8d0142f71f3
3MHaV05u0io8fQbZ2XPtlC,Prince Royce,https://i.scdn.co/image/ab6761610000e5eb63565a99444e6c03695bf8f7
2qk9voo8llSGYcZ6xrBzKx,Kings of Leon,https://i.scdn.co/image/ab6761610000e5eb6fc940f2e99875ced9bafed0
5p7f24Rk5HkUZsaS3BLG5F,Hailee Steinfeld,https://i.scdn.co/image/ab6761610000e5eba961383967f3a3a54e794a15
3BmGtnKgCSGYIUhmivXKWX,Kelly Clarkson,https://i.scdn.co/image/ab6761610000e5eb305a7cc6760b53a67aaae19d
77AiFEVeAVj2ORpC85QVJs,Steve Aoki,https://i.scdn.co/image/ab6761610000e5eb2c5c9eee98c72e54d72d6826
0bdfiayQAKewqEvaU6rXCv,MØ,https://i.scdn.co/image/ab6761610000e5eb00b8e8166f7b921a2c6d5ca8
0p4nmQO2msCgU4IF37Wi3j,Avril Lavigne,https://i.scdn.co/image/ab6761610000e5eb5c3349ddba6b8e064c1bab16
3gd8FJtBJtkRxdfbTu19U2,Mumford & Sons,https://i.scdn.co/image/ab6761610000e5eb9dadab92d8236e846b16fe3a
4fxd5Ee7UefO4CUXgwJ7IP,Giveon,https://i.scdn.co/image/ab6761610000e5eb871222ecd8d50f1efa64bcb8
6Q192DXotxtaysaqNPy5yR,Amy Winehouse,https://i.scdn.co/image/ab6761610000e5eb2ceb023b10da17590878e88c
6sq1yF0OZEWA4xoXVKW1L9,Alejandro Fernández,https://i.scdn.co/image/ab6761610000e5eb452691cfa37fdd5b3417ed0d
10exVja0key0uqUkk6LJRT,Vance Joy,https://i.scdn.co/image/ab6761610000e5eb8f074ec8c25406680bf26422
4GvEc3ANtPPjt1ZJllr5Zl,Bazzi,https://i.scdn.co/image/ab6761610000e5eb0231bc47a3196a42cc367a6e
2oQX8QiMXOyuqbcZEFsZfm,El Alfa,https://i.scdn.co/image/ab6761610000e5eba97f2c907b36d3c1d8e58397
5H1nN1SzW0qNeUEZvuXjAj,Danny Ocean,https://i.scdn.co/image/ab6761610000e5eb9ef435d044d9bff59226ce45
6zFYqv1mOsgBRQbae3JJ9e,Billy Joel,https://i.scdn.co/image/ab6761610000e5ebb34057d59275011032ef8bc8
59jlthNnbmim5l9tmNA7se,Maiara & Maraisa,https://i.scdn.co/image/ab6761610000e5ebcbf1f69999d7b738f35fad20
5Y5TRrQiqgUO4S36tzjIRZ,Timbaland,https://i.scdn.co/image/ab6761610000e5ebb713079a55dcf937d241dd2b
3Sz7ZnJQBIHsXLUSo0OQtM,Mac DeMarco,https://i.scdn.co/image/ab6761610000e5eb3cef7752073cbbd2cc04c6f0
7vXDAI8JwjW531ouMGbfcp,TINI,https://i.scdn.co/image/ab6761610000e5eba5a88ae3915ac988fc36fba5
7Ey4PD4MYsKc5I2dolUwbH,Aerosmith,https://i.scdn.co/image/ab6761610000e5ebc5733401b4689b2064458e7d
7f5Zgnp2spUuuzKplmRkt7,Lost Frequencies,https://i.scdn.co/image/ab6761610000e5eb6a77aaa2cde6783b1ca727e9
3qiHUAX7zY4Qnjx8TNUzVx,Yeat,https://i.scdn.co/image/ab6761610000e5eb98958f3c9a841fcc34dd64aa
6nS5roXSAGhTGr34W6n7Et,Disclosure,https://i.scdn.co/image/ab6761610000e5ebc7150fb3cbf60e201ae90840
3AQRLZ9PuTAozP28Skbq8V,The Script,https://i.scdn.co/image/ab6761610000e5eb0275757dd77e391c2f0d01b4
3oSJ7TBVCWMDMiYjXNiCKE,Kane Brown,https://i.scdn.co/image/ab6761610000e5eba3274eba97a6b27be3745bc7
1Oa0bMld0A3u5OTYfMzp5h,Nate Dogg,https://i.scdn.co/image/fd5d1f379a33ee26e2dfaf296bbab0970ec95ede
1AL2GKpmRrKXkYIcASuRFa,Wesley Safadão,https://i.scdn.co/image/ab6761610000e5ebb253a31b8f5f547d5fb2de80
5dHt1vcEm9qb8fCyLcB3HL,A$AP Ferg,https://i.scdn.co/image/ab6761610000e5ebe6dcc5000230b7eede2d2ebb
5t28BP42x2axFnqOOMg3CM,Five Finger Death Punch,https://i.scdn.co/image/ab6761610000e5eb1e7f796a17c2dc3c28bdeeb9
00XhexlJEXQstHimpZN910,Brytiago,https://i.scdn.co/image/ab6761610000e5ebd822ae5e61f878b59ea3f086
2RQXRUsr4IW1f3mKyKsy4B,Noah Kahan,https://i.scdn.co/image/ab6761610000e5eb336ec53126239813d38ff588
56oDRnqbIiwx4mymNEv7dS,Lizzo,https://i.scdn.co/image/ab6761610000e5eb0d66b3670294bf801847dae2
4jogXSSvlyMkODGSZ2wc2P,Calibre 50,https://i.scdn.co/image/ab6761610000e5eb540205d6dc257f493c7fbdd8
2rhFzFmezpnW82MNqEKVry,Ski Mask The Slump God,https://i.scdn.co/image/ab6761610000e5eb6fe251c4f2ab0cffe13c7cd0
7d3WFRME3vBY2cgoP38RDo,Lil Skies,https://i.scdn.co/image/ab6761610000e5eb1c91ee64878b36dcee243160
7pbDxGE6nQSZVfiFdq9lOL,Rex Orange County,https://i.scdn.co/image/ab6761610000e5ebffb90f91cb2f487d7309f7bc
5LfGQac0EIXyAN8aUwmNAQ,The Offspring,https://i.scdn.co/image/ab6761610000e5eb580938fc4c9edb1b80b10898
3Y7RZ31TRPVadSFVy1o8os,H.E.R.,https://i.scdn.co/image/ab6761610000e5eb417db49cde3ed1c5a65e3514
5BcAKTbp20cv7tC5VqPFoC,Macklemore & Ryan Lewis,https://i.scdn.co/image/ab6761610000e5eb3c2f1ba4c1a3de141e63d775
6kACVPfCOnqzgfEF5ryl0x,Johnny Cash,https://i.scdn.co/image/ab6761610000e5eb94a8326675bfcafb20f0a235
7DMveApC7UnC2NPfPvlHSU,Cheat Codes,https://i.scdn.co/image/ab6761610000e5ebd504e2958caeb5f53f591ebf
1cNDP5yjU5vjeR8qMf4grg,YNW Melly,https://i.scdn.co/image/ab6761610000e5eb4da4a196cc973f65b68fe67b
5rSXSAkZ67PYJSvpUpkOr7,Backstreet Boys,https://i.scdn.co/image/ab6761610000e5ebd792783a725a0ed42866204c
4phGZZrJZRo4ElhRtViYdl,Jason Mraz,https://i.scdn.co/image/ab6761610000e5ebc3b370fc26c83312db52af14
5sUrlPAHlS9NEirDB8SEbF,Alejandro Sanz,https://i.scdn.co/image/ab6761610000e5eb84505d89ff27a88fca05f56d
4myTppRgh0rojLxx8RycOp,Ryan Lewis,https://i.scdn.co/image/ab6761610000e5eb22a807b9b7c5d50042db2657
64aJYyrXljOodnUG6jvhRD,DJ Luian,https://i.scdn.co/image/ab6761610000e5ebe34cb2ac679537f68b1c60ce
5KKpBU5eC2tJDzf0wmlRp2,RAYE,https://i.scdn.co/image/ab6761610000e5eb5e4949a1e3073b5a34b9d938
0h1zs4CTlU9D2QtgPxptUD,Ricardo Arjona,https://i.scdn.co/image/ab6761610000e5ebb6ee758f57218c690b5a5b5f
0YC192cP3KPCRWx8zr8MfZ,Hans Zimmer,https://i.scdn.co/image/ab6761610000e5eb371632043a8c12bb7eeeaf9d
4sTQVOfp9vEMCemLw50sbu,Galantis,https://i.scdn.co/image/ab6761610000e5eb7bda087d6fb48d481efd3344
6x2LnllRG5uGarZMsD4iO8,Thomas Rhett,https://i.scdn.co/image/ab6761610000e5eb4aae480c63cd38ab83a2d842
6ASri4ePR7RlsvIQgWPJpS,iann dior,https://i.scdn.co/image/ab6761610000e5eb15c4ec74362c4844e1f993fd
7nqOGRxlXj7N2JYbgNEjYH,SEVENTEEN,https://i.scdn.co/image/ab6761610000e5eb9b445a3abb3dda380ec07243
0ECwFtbIWEVNwjlrfc6xoL,Eagles,https://i.scdn.co/image/ab6761610000e5eb0767e116a2307495e37cd7fb
4LEiUm1SRbFMgfqnQTwUbQ,Bon Iver,https://i.scdn.co/image/ab6761610000e5eb67be065df01f37a3880216be
4WZGDpNwrC0vNQyl9QzF7d,Capital Bra,https://i.scdn.co/image/ab6761610000e5eb0809c08ca0610e3e7168e0dc
6Ip8FS7vWT1uKkJSweANQK,Dave,https://i.scdn.co/image/ab6761610000e5ebd03e9ecf77419871b96daee1
0epOFNiUfyON9EYx7Tpr6V,The Strokes,https://i.scdn.co/image/ab6761610000e5ebc3b137793230f4043feb0089
2gBjLmx6zQnFGQJCAQpRgw,Nelly,https://i.scdn.co/image/3677690af58abb70a5c5fd58d69db4d1ad705d4f
3TOqt5oJwL9BE2NG9MEwDa,Disturbed,https://i.scdn.co/image/ab6761610000e5eb012addc95f5b2e7283f45446
0UWZUmn7sybxMCqrw9tGa7,Juanes,https://i.scdn.co/image/ab6761610000e5eb330d24db775125dcec2c7b4c
2jSGzJw0ebJLu7OLVSOcBP,Plan B,https://i.scdn.co/image/eb21793908d1eabe0fba02659bdff4e4a4b3724a
6ydoSd3N2mwgwBHtF6K7eX,Calum Scott,https://i.scdn.co/image/ab6761610000e5ebc0baa35e263ad0010139a6cf
5H4yInM5zmHqpKIoMNAx4r,Central Cee,https://i.scdn.co/image/ab6761610000e5eb5fe7cabb8de1c0266cd2179c
2iojnBLj0qIMiKPvVhLnsH,Trey Songz,https://i.scdn.co/image/ab6761610000e5ebfd7cca32a58a9bb263fb5c4a
4m6ubhNsdwF4psNf3R8kwR,KHEA,https://i.scdn.co/image/ab6761610000e5ebdf440f19484adb0a0903704f
1w5Kfo2jwwIPruYS2UWh56,Pearl Jam,https://i.scdn.co/image/ab6761610000e5ebe431fb8ba17cdee73e4ce08a
2cPqdH7XMvwaBJEVjheH8g,Jay Wheeler,https://i.scdn.co/image/ab6761610000e5eb80b41c080528269433529e93
3FfvYsEGaIb52QPXhg4DcH,Jason Aldean,https://i.scdn.co/image/ab6761610000e5ebf21a9cd8f7d9c8203ad8c370
3tJoFztHeIJkJWMrx0td2f,Moneybagg Yo,https://i.scdn.co/image/ab6761610000e5eb6d2f8e8fbf5b13b1baa1eeff
0nmQIMXWTXfhgOBdNzhGOs,Avenged Sevenfold,https://i.scdn.co/image/ab6761610000e5eb29ec9d388f7d0f9b3480f316
5IH6FPUwQTxPSXurCrcIov,Alec Benjamin,https://i.scdn.co/image/ab6761610000e5eb10164a7f6d166aabbb00c4dd
2xiIXseIJcq3nG7C8fHeBj,Three Days Grace,https://i.scdn.co/image/ab6761610000e5eb3626be769b238e2a35010613
0XeEobZplHxzM9QzFQWLiR,Eslabon Armado,https://i.scdn.co/image/ab6761610000e5eb114fc6846b9f0e0746baa6a7
45TgXXqMDdF8BkjA83OM7z,Rod Wave,https://i.scdn.co/image/ab6761610000e5eb33d61db3385a29fb5e98f1cd
0YinUQ50QDB7ZxSCLyQ40k,Mustard,https://i.scdn.co/image/ab6761610000e5eb54406b7007a449aeaac06c44
2T1aUibqR2QC2sINIDQOAK,Mambo Kingz,https://i.scdn.co/image/ab6761610000e5eb881ed0aa97cc8420685dc90e
3QSQFmccmX81fWCUSPTS7y,Dean Lewis,https://i.scdn.co/image/ab6761610000e5eb0f1e2654ed4fa751799b4140
4lxfqrEsLX6N1N4OCSkILp,Phil Collins,https://i.scdn.co/image/ab6761610000e5ebd4e38c4e3e5c82774740e28d
0SCbttzoZTnLFebDYmAWCm,Glee Cast,https://i.scdn.co/image/5b5a95f260ac429405e871777e3c17c9126c30ad
3RtNN1VnooWEn3KQk03DUL,Noriel,https://i.scdn.co/image/ab6761610000e5eb76986713496efc3717ce32ee
5hdhHgpxyniooUiQVaPxQ0,Nio Garcia,https://i.scdn.co/image/ab6761610000e5eb743819afb90e79a5bbf1dc00
1QAJqy2dA3ihHBFIHRphZj,Cigarettes After Sex,https://i.scdn.co/image/ab6761610000e5eb674c5dace43fe2e2645d314b
2UZIAOlrnyZmyzt1nuXr9y,Nicki Nicole,https://i.scdn.co/image/ab6761610000e5eb4293b81686e67e3041aec80c
7FsRH5bw8iWpSbMX1G7xf1,Joan Sebastian,https://i.scdn.co/image/ab6761610000e5ebc916f1d508b1df6e7c000e1f
5xYNmNkaWRqu3e5F4UXME8,Alfredo Olivas,https://i.scdn.co/image/ab6761610000e5eb7ebbd0e2ce484936c94a7da9
7cYEt1pqMgXJdq00hAwVpT,Chase Atlantic,https://i.scdn.co/image/ab6761610000e5eb559c24d0f169d3fc107e3932
1LZEQNv7sE11VDY3SdxQeN,Bee Gees,https://i.scdn.co/image/1d5a05673975ba0c378cd280344e000b0b865620
0ZCO8oVkMj897cKgFH7fRW,Los Ángeles Azules,https://i.scdn.co/image/ab6761610000e5eb8d751eb2c4670d689d23734e
4PPoI9LuYeFX8V674Z1R6l,Vicente Fernández,https://i.scdn.co/image/ab6761610000e5eb18d0ae87d123dae4de445c0f
3l0CmX0FuQjFxr8SK7Vqag,Clairo,https://i.scdn.co/image/ab6761610000e5eb4804c4a44c85afea1a72d1bd
2ysnwxxNtSgbb9t1m2Ur4j,George Ezra,https://i.scdn.co/image/ab6761610000e5ebbe936a26ceb9cbbdec7df15b
3Z02hBLubJxuFJfhacLSDc,Bryan Adams,https://i.scdn.co/image/ab6761610000e5eb9333e218db341b192817db03
1pPmIToKXyGdsCF6LmqLmI,Rich The Kid,https://i.scdn.co/image/ab6761610000e5eb831fd7e9e9fe1b0217791b94
5NGO30tJxFlKixkPSgXcFE,The Police,https://i.scdn.co/image/1f73a61faca2942cd5ea29c2143184db8645f0b3
0WwSkZ7LtFUFjGjMZBMt6T,Dire Straits,https://i.scdn.co/image/ab6761610000e5eb4bdaa8c5e65b64f50549c393
5bSfBBCxY8QAk4Pifveisz,La Arrolladora Banda El Limón De Rene Camacho,https://i.scdn.co/image/ab6761610000e5eb9d58237c4edd1740931a32ea
3UUJfRbrA2nTbcg4i0MOwu,Original Broadway Cast of Hamilton,https://i.scdn.co/image/ab67616d0000b2733743f2dba9dde74bf4338540
3wyVrVrFCkukjdVIdirGVY,Lil Pump,https://i.scdn.co/image/ab6761610000e5eb6bc83a52ca96ea7e6ac30c7f
4S9EykWXhStSc15wEx8QFK,Céline Dion,https://i.scdn.co/image/ab6761610000e5ebc3b380448158e7b6e5863cde
5ndkK3dpZLKtBklKjxNQwT,B.o.B,https://i.scdn.co/image/ab6761610000e5eba0f6617187248f1488822905
3FUY2gzHeIiaesXtOAdB7A,Train,https://i.scdn.co/image/ab6761610000e5ebeb96a88993a929eaadbe4864
49tQo2QULno7gxHutgccqF,LANY,https://i.scdn.co/image/ab6761610000e5eb90c77d2ffb0fe10130f03230
5M9Bb4adKAgrOFOhc05Y50,Pablo Alborán,https://i.scdn.co/image/ab6761610000e5eb603fdedea1dab4c77d7d8bcc
3CJKkU0XuElRT1z8rEtIYg,Luciano,https://i.scdn.co/image/ab6761610000e5ebf55733229a6dd1c8c7b46d08
4EzkuveR9pLvDVFNx6foYD,James Bay,https://i.scdn.co/image/ab6761610000e5eb613888dde99dca36aede8776
5Y3MV9DZ0d87NnVm56qSY1,Tiago PZK,https://i.scdn.co/image/ab6761610000e5eb5238984751fcc2040682c646
1mYsTxnqsietFxj1OgoGbG,A.R. Rahman,https://i.scdn.co/image/ab6761610000e5ebb19af0ea736c6228d6eb539c
1G9G7WwrXka3Z1r7aIDjI7,Outkast,https://i.scdn.co/image/ab6761610000e5eb0cb3f95b9f8f7337e135a925
0SwO7SWeDHJijQ3XNS7xEE,MGMT,https://i.scdn.co/image/ab6761610000e5eb9dccdc8f4087cbe2bdedc9d3
6fWVd57NKTalqvmjRd2t8Z,24kGoldn,https://i.scdn.co/image/ab6761610000e5ebdbe6d377ce63a248c0108605
4D75GcNG95ebPtNvoNVXhz,AFROJACK,https://i.scdn.co/image/ab6761610000e5eb78484e23002e1607039af9b9
3NPpFNZtSTHheNBaWC82rB,X Ambassadors,https://i.scdn.co/image/ab6761610000e5eb85b6cbf01747c44e145c5a20
47MpMsUfWtgyIIBEFOr4FE,Lunay,https://i.scdn.co/image/ab6761610000e5ebaf9e096cfe63bb5115890cb9
7slfeZO9LsJbWgpkIoXBUJ,Ricky Martin,https://i.scdn.co/image/ab6761610000e5eb1c0f358293ec7b223fd91fca
6nxWCVXbOlEVRexSbLsTer,Flume,https://i.scdn.co/image/ab6761610000e5ebdcbf7ddf047dd267e4de8978
5CiGnKThu5ctn9pBxv7DGa,benny blanco,https://i.scdn.co/image/ab6761610000e5eb860c37890942e05e58c19372
4aXXDj9aZnlshx7mzj3W1N,Lin-Manuel Miranda,https://i.scdn.co/image/84dc87cca456089fc5cfa2d7593d9d960ca4553f
1mX1TWKpNxDSAH16LgDfiR,Jesse & Joy,https://i.scdn.co/image/ab6761610000e5eb20681c5c3fec528fe11a1646
7z5WFjZAIYejWy0NI5lv4T,Dan + Shay,https://i.scdn.co/image/ab6761610000e5eb2447af13925471ebb858bfe1
4EPJlUEBy49EX1wuFOvtjK,Becky Hill,https://i.scdn.co/image/ab6761610000e5ebd6f6bf343b8bf12f12dc1a25
2NjfBq1NflQcKSeiDooVjY,Tones And I,https://i.scdn.co/image/ab6761610000e5eb8bbb776368161a8258cbca3a
2jw70GZXlAI8QzWeY2bgRc,Nelly Furtado,https://i.scdn.co/image/ab6761610000e5ebbbbcd575e75452222e7c2e32
6s22t5Y3prQHyaHWUN1R1C,AJR,https://i.scdn.co/image/ab6761610000e5ebe65fa0329c232ac6f5040f80
4Q6nIcaBED8qUel8bBx6Cr,Jax Jones,https://i.scdn.co/image/ab6761610000e5eb09b06c6e39518619ecd56ec5
2x8vG4f0HYXzMEo3xNsoiI,Bibi und Tina,https://i.scdn.co/image/ab6761610000e5eb5912045be22cb4a0761adbb0
3qvcCP2J0fWi0m0uQDUf6r,Luan Santana,https://i.scdn.co/image/ab6761610000e5ebc0511c8be97d924f695f595c
0xRXCcSX89eobfrshSVdyu,MEDUZA,https://i.scdn.co/image/ab6761610000e5eb017368ebc250001dc6ef6467
6Dd3NScHWwnW6obMFbl1BH,Daya,https://i.scdn.co/image/ab6761610000e5eb540e862652f24fe2988911b2
21WS9wngs9AqFckK7yYJPM,PnB Rock,https://i.scdn.co/image/ab6761610000e5eb4962230cc9649e2083ac1665
2UwqpfQtNuhBwviIC0f2ie,Damso,https://i.scdn.co/image/ab6761610000e5eb2c7ede97239d20260baa9cdc
3yY2gUcIsjMr8hjo51PoJ8,The Smiths,https://i.scdn.co/image/481b980af463122013e4578c08fb8c5cbfaed1e9
085pc2PYOi8bGKj0PNjekA,will.i.am,https://i.scdn.co/image/ab6761610000e5ebc9ab8da6f7a3ce02f0b16fd8
7bu3H8JO7d0UbMoVzbo70s,The Cure,https://i.scdn.co/image/7ca743e822b80133971ccf5c70fcbd77a4f4f508
0SfsnGyD8FpIN4U4WCkBZ5,Armin van Buuren,https://i.scdn.co/image/ab6761610000e5eb5328c468cef8019bc41b63a8
2MRBDr0crHWE5JwPceFncq,Juan Gabriel,https://i.scdn.co/image/ab6761610000e5eb67022b130422bb990ebf280c
2txHhyCwHjUEpJjWrEyqyX,Tom Odell,https://i.scdn.co/image/ab6761610000e5eb532e8dd8ba9fbd5e78105a78
3RNrq3jvMZxD9ZyoOZbQOD,Korn,https://i.scdn.co/image/ab6761610000e5eb29af2ffb6f4ddd6324f878bc
25u4wHJWxCA9vO0CzxAbK7,Lukas Graham,https://i.scdn.co/image/ab6761610000e5eb1461108c3a182fcf77ee6ea3
7CvTknweLr9feJtRGrpDBy,FloyyMenor,https://i.scdn.co/image/ab6761610000e5ebe1353fbd075d9aa1303886d3
1WaFQSHVGZQJTbf0BdxdNo,Tommy Richman,https://i.scdn.co/image/ab6761610000e5ebbb330168f192dbdc28fcbd37
7GlBOeep6PqTfFi59PTUUN,Chappell Roan,https://i.scdn.co/image/ab6761610000e5ebcde5a0d57c1b79de5fce6bee
22wbnEMDvgVIAGdFeek6ET,Benson Boone,https://i.scdn.co/image/ab6761610000e5ebb2ce21a89c09c00d80d8ca25
3y2cIKLjiOlp1Np37WiUdH,Shaboozey,https://i.scdn.co/image/ab6761610000e5eb89447fe120bae042c52fad07
0PCCGZ0wGLizHt2KZ7hhA2,Artemas,https://i.scdn.co/image/ab6761610000e5eb597f1c8c92c4a82734e3af43
2x7PC78TmgqpEIjaGAZ0Oz,Trueno,https://i.scdn.co/image/ab6761610000e5ebc6f1d44557a4c7fe7518f29a
5p9HO3XC5P3BLxJs5Mtrhm,Djo,https://i.scdn.co/image/ab6761610000e5eb02fcc327683d53bea9583c69
33qOK5uJ8AR2xuQQAhHump,Teddy Swims,https://i.scdn.co/image/ab6761610000e5ebf76e11a5f3c08955fecea690
3bO19AOone0ubCsfDXDtYt,Myles Smith,https://i.scdn.co/image/ab6761610000e5eb4ba4b52faef3fc16db9ecb14
7Ez6lTtSMjMf2YSYpukP1I,Dasha,https://i.scdn.co/image/ab6761610000e5eb028d65354505e72e2cf86077
1fctva4kpRbg2k3v7kwRuS,Rvssian,https://i.scdn.co/image/ab6761610000e5eb4b160d715741ad56b7ef417d
11p2E654TTU8e0nZWBR4AL,Mark Ambor,https://i.scdn.co/image/ab6761610000e5ebf09e3fdd6c27c7426c99945a
6ltzsmQQbmdoHHbLZ4ZN25,Lord Huron,https://i.scdn.co/image/ab6761610000e5eb1d4e4e7e3c5d8fa494fc5f10
1Yj5Xey7kTwvZla8sqdsdE,Cris Mj,https://i.scdn.co/image/ab6761610000e5eb8ec5f4d4241631f8593f52c1
1oSPZhvZMIrWW5I41kPkkY,Jimin,https://i.scdn.co/image/ab6761610000e5eb59f8cfc8e71dcaf8c6ec4bde
4tuJ0bMpJh08umKkEXKUI5,Gracie Abrams,https://i.scdn.co/image/ab6761610000e5ebf6d51e6f5342d2d363220920
11kt6ggsdxvI8MhyeSMKom,CYRIL,https://i.scdn.co/image/ab6761610000e5eb88f9586e6712b077c9f0dce6
36cgvBn0aadzOijnjjwqMN,ILLIT,https://i.scdn.co/image/ab6761610000e5eb5884b5e3bdc71d42b62bfcfd
4j96cMcT8GRi11qbvo1cLQ,Michael Marcagi,https://i.scdn.co/image/ab6761610000e5ebd0cbbfdf3ecde93424ef77d9
3l9G1G9MxH6DaRhwLklaf5,Oscar Maydon,https://i.scdn.co/image/ab6761610000e5ebeea2f0ffd6afcffa3e74cd89
4qU7IJSReZnsLy5907Mtau,Richy Mitch & The Coal Miners,https://i.scdn.co/image/ab6761610000e5eb51abaf8b6b1eea7d8363d64c
1c3uso4iIeeX3P0bhKaQDq,Jaxomy,https://i.scdn.co/image/ab6761610000e5eb6b39a78666ca71a16bc9655a
027TpXKGwdXP7iwbjUSpV8,The Walters,https://i.scdn.co/image/ab6761610000e5eb6c4366f40ea49c1318707f97
2loEsOijJ6XiGzWYFXMIRk,Adam Port,https://i.scdn.co/image/ab6761610000e5eb722acdd4bb9e3aac45436d08
0NIIxcxNHmOoyBx03SfTCD,Tinashe,https://i.scdn.co/image/ab6761610000e5eba669f860c74c9007934d2cb6
2sil8z5kiy4r76CRTXxBCA,The Goo Goo Dolls,https://i.scdn.co/image/ab6761610000e5ebd06647dddf0f321a49934437
2WzaAvm2bBCf4pEhyuDgCY,Ruth B.,https://i.scdn.co/image/ab6761610000e5eb1da7ba1c178ab9f68d065197
5wCmhq5J2hPwL2r0eKurxn,cassö,https://i.scdn.co/image/ab6761610000e5eb195e7753312387df00a56c14
7o95ZoZt5ZYn31e9z1Hc0a,Natasha Bedingfield,https://i.scdn.co/image/ab6761610000e5eb15f48264917c2b09a573ecc7
0rvjqX7ttXeg3mTy8Xscbt,Journey,https://i.scdn.co/image/ab6761610000e5ebe848dfb35ea4969099662dfd
3SozjO3Lat463tQICI9LcE,Tyla,https://i.scdn.co/image/ab6761610000e5ebcc628db5cd6fffcb659decab
3Me35AWHCGqW4sZ7bWWJt1,Xavi,https://i.scdn.co/image/ab6761610000e5ebf25379218c13e6aef1f1793d
3JsHnjpbhX4SnySpvpa9DK,V,https://i.scdn.co/image/ab6761610000e5eb8e7d00d3aae87cf8fc6946e2
53A0W3U0s8diEn9RhXQhVz,Keane,https://i.scdn.co/image/ab6761610000e5eb92f6dba2793814a1c5aa8d35
4bthk9UfsYUYdcFyqxmSUU,Tears For Fears,https://i.scdn.co/image/ab6761610000e5eb42ed2cb48c231f545a5a3dad
73jBynjsVtofjRpdpRAJGk,Dimitri Vegas & Like Mike,https://i.scdn.co/image/ab6761610000e5ebcd222b80720653f7309fdcaa
0jPHHnU8GUWEF7rwPE9osY,Jordan Adetunji,https://i.scdn.co/image/ab6761610000e5eb0f3fce7e9af0b1a2b393d67c
35WVTyRnKAoaGExqgktVyb,Hotel Ugly,https://i.scdn.co/image/ab6761610000e5eb939033cc36c08ab68b33f760
6DIS6PRrLS3wbnZsf7vYic,WALK THE MOON,https://i.scdn.co/image/ab6761610000e5ebab9610e36fae856c0fd9b46b
0Y6dVaC9DZtPNH4591M42W,TV Girl,https://i.scdn.co/image/ab67616d0000b27332f5fec7a879ed6ef28f0dfd
33NVpKoXjItPwUJTMZIOiY,David Kushner,https://i.scdn.co/image/ab6761610000e5ebb87b4e589783d2b6f0763030
1zxDewzd2j1ZdSBGaYcr0y,The Outfield,https://i.scdn.co/image/a15f9228f28116fa806529942dbe38e8e0123388
6YVMFz59CuY7ngCxTxjpxE,aespa,https://i.scdn.co/image/ab6761610000e5eb573935eb61a1897aeb43c531
0NKDgy9j66h3DLnN8qu1bB,Eurythmics,https://i.scdn.co/image/ab6761610000e5eb145a01fb993c3088fe6ac5e7
4xPQFgDA5M2xa0ZGo5iIsv,¥$,https://i.scdn.co/image/ab6761610000e5ebf4e11052613eb67c380adaf8
3PpjqSKBer3obW6lDflOBx,Ram Sampath,https://i.scdn.co/image/ab6761610000e5ebed1f220551eded3711206fa4
3y24n3XhZ96wgwRXjvS17T,Coolio,https://i.scdn.co/image/ab6761610000e5eb5ea53fc78df8f7e7559e228d
4QQgXkCYTt3BlENzhyNETg,"Earth, Wind & Fire",https://i.scdn.co/image/ab6761610000e5eb9722e16a886767adf1178f92
7gP3bB2nilZXLfPHJhMdvc,Foster The People,https://i.scdn.co/image/ab6761610000e5eb22b8e662f0cfdddac8ab22bb
5y8tKLUfMvliMe8IKamR32,d4vd,https://i.scdn.co/image/ab6761610000e5ebad447187a35f422307e88ad3
5arKwJZEvT5uKq4o0JfqR4,Isabel LaRosa,https://i.scdn.co/image/ab6761610000e5eb63162da80b8d3b560b2aefa1
7I3bkknknQkIiatWiupQgD,Beach Weather,https://i.scdn.co/image/ab6761610000e5eb86e447095ea10131b46ab0d5
6USv9qhCn6zfxlBQIYJ9qs,Dominic Fike,https://i.scdn.co/image/ab6761610000e5ebb62462a1a43ff08f8a982791
2sF5nNXnrrsCPZlt8ZpyGd,Rich Amiri,https://i.scdn.co/image/ab6761610000e5eb711c9f3cff67fa8a58d047c6
